Model,Target_Vocab_Size,Actual_Vocab_Size,Fragmentation_Rate,Compression_Ratio,Reconstruction_Accuracy,Speed_tokens_per_sec,Training_Time
BPE,8000,8000,0.9670955080680331,0.6972995985889795,1.0,527.0726897300594,0
BPE,16000,12449,0.9348887919755778,0.7925754381113684,1.0,1188.5133438782398,0
BPE,32000,12449,0.9348887919755778,0.7925754381113684,1.0,937.2754746596421,0
WordPiece,8000,8000,0.8336894897514173,0.6705364584094864,0.04596463744659052,860.1195139056931,0
WordPiece,16000,13280,0.7821194941125164,0.7830214451577653,0.07515749069162264,717.0933324898893,0
WordPiece,32000,13280,0.7821194941125164,0.7830348148274625,0.07539136019244119,884.4504157975772,0
Unigram,8000,8000,0.9876798953336241,0.5803887820188316,1.0,784.2326440570122,0
Unigram,16000,9922,0.9873964238988225,0.5882428393684022,1.0,731.7683976079154,0
Unigram,32000,9922,0.9873964238988225,0.5882428393684022,1.0,823.7905406082214,0
